<beans xmlns="http://www.springframework.org/schema/beans"
       xmlns:xsi="http://www.w3.org/2001/XMLSchema-instance" xmlns:context="http://www.springframework.org/schema/context"
       xsi:schemaLocation="http://www.springframework.org/schema/beans http://www.springframework.org/schema/beans/spring-beans.xsd http://www.springframework.org/schema/context https://www.springframework.org/schema/context/spring-context.xsd">

<!--
    <bean class="ru.javawebinar.topjava.repository.inmemory.InMemoryUserRepository" id="inmemoryUserRepository"/>

    <bean class="ru.javawebinar.topjava.service.UserService">
        <constructor-arg name="repository" ref="inmemoryUserRepository"/>
    </bean>
-->
    <context:component-scan base-package="ru.javawebinar.**.repository"/>

    <context:component-scan base-package="ru.javawebinar.**.service"/>

    <context:component-scan base-package="ru.javawebinar.**.web"/>

    <bean class="ru.javawebinar.topjava.service.UserService">
        <constructor-arg name="repository" ref="inmemoryUserRepository"/>
    </bean>
-->
    <context:component-scan base-package="ru.javawebinar.**.repository"/>

    <context:component-scan base-package="ru.javawebinar.**.service"/>

    <context:component-scan base-package="ru.javawebinar.**.web"/>

    <bean class="ru.javawebinar.topjava.service.UserService">
        <constructor-arg name="repository" ref="inmemoryUserRepository"/>
    </bean>
-->
    <context:component-scan base-package="ru.javawebinar.**.repository"/>

    <context:component-scan base-package="ru.javawebinar.**.service"/>

    <context:component-scan base-package="ru.javawebinar.**.web"/>

</beans>